anticodon,Codon,wobble,s,tRNAcopynumber
AAC,GTT,,0,9
AAC,GTC,I:C,0.28,9
AAC,GTA,I:A,0.9999,9
AAG,CTT,,0,9
AAG,CTC,I:C,0.28,9
AAG,CTA,I:A,0.9999,9
AAT,ATT,,0,15
AAT,ATC,I:C,0.28,15
AAT,ATA,I:A,0.9999,15
ACG,CGT,,0,7
ACG,CGC,I:C,0.28,7
ACG,CGA,I:A,0.9999,7
AGA,TCT,,0,9
AGA,TCC,I:C,0.28,9
AGA,TCA,I:A,0.9999,9
AGC,GCT,,0,26
AGC,GCC,I:C,0.28,26
AGC,GCA,I:A,0.9999,26
AGG,CCT,,0,9
AGG,CCC,I:C,0.28,9
AGG,CCA,I:A,0.9999,9
AGT,ACT,,0,9
AGT,ACC,I:C,0.28,9
AGT,ACA,I:A,0.9999,9
CAA,TTG,,0,3
CAC,GTG,,0,13
CAG,CTG,,0,9
CAT,ATG,,0,11
CCA,TGG,,0,7
CCC,GGG,,0,5
CGA,TCG,,0,4
CCG,CGG,,0,4
CCT,AGG,,0,5
CGC,GCG,,0,4
CGG,CCG,,0,4
CGT,ACG,,0,5
CTC,GAG,,0,8
CTG,CAG,,0,13
CTT,AAG,,0,15
GAA,TTT,G:U,0.561,10
GAA,TTC,,0,10
GAT,ATT,G:U,0.561,3
GAT,ATC,,0,3
GCA,TGT,G:U,0.561,29
GCA,TGC,,0,29
GCC,GGT,G:U,0.561,14
GCC,GGC,,0,14
GCT,AGT,G:U,0.561,8
GCT,AGC,,0,8
GTA,TAT,G:U,0.561,13
GTA,TAC,,0,13
GTC,GAT,G:U,0.561,13
GTC,GAC,,0,13
GTG,CAT,G:U,0.561,9
GTG,CAC,,0,9
GTT,AAT,G:U,0.561,25
GTT,AAC,,0,25
TAA,TTA,,0,4
TAA,TTG,U:G,0.68,4
TAC,GTA,,0,5
TAC,GTG,U:G,0.68,5
TAG,CTA,,0,3
TAG,CTG,U:G,0.68,3
TAT,ATA,,0,5
TCC,GGA,,0,9
TCC,GGG,U:G,0.68,9
TCG,CGA,,0,6
TCG,CGG,U:G,0.68,6
TCT,AGA,,0,6
TCT,AGG,U:G,0.68,6
TGA,TCA,,0,4
TGA,TCG,U:G,0.68,4
TGC,GCA,,0,8
TGC,GCG,U:G,0.68,8
TGG,CCA,,0,7
TGG,CCG,U:G,0.68,7
TGT,ACA,,0,6
TGT,ACG,U:G,0.68,6
TTC,GAA,,0,8
TTC,GAG,U:G,0.68,8
TTG,CAA,,0,6
TTG,CAG,U:G,0.68,6
TTT,AAA,,0,12
TTT,AAG,U:G,0.68,12
